indice_sistema,area,cobertura,territorio,a√±o,geo
0,1255.0602580208888,3,ANP,1985,
1,1255.5001994035797,3,ANP,1986,
2,1254.8906594780424,3,ANP,1987,
3,1252.206911001785,3,ANP,1988,
4,1251.565329645584,3,ANP,1989,
5,1252.6254947389682,3,ANP,1990,
6,1253.2083674318992,3,ANP,1991,
7,1253.1254552595965,3,ANP,1992,
8,1252.7343252321302,3,ANP,1993,
9,1252.5561966360003,3,ANP,1994,
10,1251.3720480088634,3,ANP,1995,
11,1250.3436174262213,3,ANP,1996,
12,1249.4351833712278,3,ANP,1997,
13,1249.8518853953976,3,ANP,1998,
14,1248.828099870312,3,ANP,1999,
15,1248.7107080373648,3,ANP,2000,
16,1248.4335611760375,3,ANP,2001,
17,1248.4058998781247,3,ANP,2002,
18,1248.1327399107174,3,ANP,2003,
19,1249.1587400184444,3,ANP,2004,
20,1250.2122029179195,3,ANP,2005,
21,1250.4633105670275,3,ANP,2006,
22,1251.4213017883417,3,ANP,2007,
23,1251.826192623913,3,ANP,2008,
24,1252.4562293202005,3,ANP,2009,
25,1252.1616228710416,3,ANP,2010,
26,1251.40290211445,3,ANP,2011,
27,1250.7085309472754,3,ANP,2012,
28,1251.0228801178068,3,ANP,2013,
29,1249.7528527066736,3,ANP,2014,
30,1249.3710625075155,3,ANP,2015,
31,1249.942997346993,3,ANP,2016,
32,1250.3709517403652,3,ANP,2017,
33,1251.3735178360694,3,ANP,2018,
34,1251.3582710553676,3,ANP,2019,
35,1251.879333895639,3,ANP,2020,
36,1254.1350168490087,3,ANP,2021,
37,1254.341414283639,3,ANP,2022,
38,1254.547322663156,3,ANP,2023,
39,1254.7961345978488,3,ANP,2024,
40,4.0320755603637695,6,ANP,1985,
41,4.030307098510741,6,ANP,1986,
42,4.098186529663085,6,ANP,1987,
43,4.105287817077635,6,ANP,1988,
44,4.04183423120117,6,ANP,1989,
45,3.9362859717407233,6,ANP,1990,
46,3.8129078764038074,6,ANP,1991,
47,3.895029396972656,6,ANP,1992,
48,3.800249257507323,6,ANP,1993,
49,4.070016601501464,6,ANP,1994,
50,4.146924601379394,6,ANP,1995,
51,3.87467243029785,6,ANP,1996,
52,3.837152329833983,6,ANP,1997,
53,3.889872119201658,6,ANP,1998,
54,3.746835496765131,6,ANP,1999,
55,3.891550893005367,6,ANP,2000,
56,3.859434924316401,6,ANP,2001,
57,3.921935819458002,6,ANP,2002,
58,3.9568516737670887,6,ANP,2003,
59,4.0461520535278295,6,ANP,2004,
60,4.1594943527832005,6,ANP,2005,
61,4.365698030334464,6,ANP,2006,
62,4.4005656514282165,6,ANP,2007,
63,4.434488549804685,6,ANP,2008,
64,4.477375598999019,6,ANP,2009,
65,4.663890520263667,6,ANP,2010,
66,4.727266331298824,6,ANP,2011,
67,4.80216258258056,6,ANP,2012,
68,5.0121312991943325,6,ANP,2013,
69,5.1683479038085895,6,ANP,2014,
70,4.973474004516599,6,ANP,2015,
71,5.1715951795043855,6,ANP,2016,
72,5.31891614080809,6,ANP,2017,
73,5.265383207031236,6,ANP,2018,
74,5.219084670227039,6,ANP,2019,
75,5.577384202636709,6,ANP,2020,
76,5.70523819061278,6,ANP,2021,
77,5.926636688293443,6,ANP,2022,
78,5.340068154846188,6,ANP,2023,
79,5.202183642150872,6,ANP,2024,
80,4.354422688781735,11,ANP,1985,
81,4.508842365600588,11,ANP,1986,
82,4.620514704467773,11,ANP,1987,
83,4.4087195615844745,11,ANP,1988,
84,4.852436002258297,11,ANP,1989,
85,4.880098131408687,11,ANP,1990,
86,4.0314686831664925,11,ANP,1991,
87,4.140382724914541,11,ANP,1992,
88,3.790456596740718,11,ANP,1993,
89,3.7781675451660135,11,ANP,1994,
90,3.977295869506833,11,ANP,1995,
91,4.256749305908193,11,ANP,1996,
92,4.709698909545891,11,ANP,1997,
93,4.86963686614989,11,ANP,1998,
94,5.076097225463849,11,ANP,1999,
95,4.6261521801147385,11,ANP,2000,
96,4.47343385919189,11,ANP,2001,
97,4.3295798287353495,11,ANP,2002,
98,4.649262888610844,11,ANP,2003,
99,4.611702479614257,11,ANP,2004,
100,4.547455398254395,11,ANP,2005,
101,4.423373023864748,11,ANP,2006,
102,4.17675855078125,11,ANP,2007,
103,4.061646163330074,11,ANP,2008,
104,3.7650316981201097,11,ANP,2009,
105,3.5602965186157167,11,ANP,2010,
106,3.4969151096191324,11,ANP,2011,
107,3.2530278338012604,11,ANP,2012,
108,3.0574294412841696,11,ANP,2013,
109,3.4006713647460836,11,ANP,2014,
110,3.754530993774407,11,ANP,2015,
111,3.8922913455200185,11,ANP,2016,
112,3.6012042709350505,11,ANP,2017,
113,3.777294081787108,11,ANP,2018,
114,3.979122452453613,11,ANP,2019,
115,4.131120456115718,11,ANP,2020,
116,3.942578371826169,11,ANP,2021,
117,3.7479568168945296,11,ANP,2022,
118,3.8663542735595686,11,ANP,2023,
119,3.6469893895874,11,ANP,2024,
120,4.432944647766093,12,ANP,1985,
121,4.472218474731429,12,ANP,1986,
122,4.246420101135229,12,ANP,1987,
123,4.208020345642063,12,ANP,1988,
124,4.407132678100564,12,ANP,1989,
125,4.158122634826641,12,ANP,1990,
126,4.324137167358376,12,ANP,1991,
127,4.430350385070775,12,ANP,1992,
128,3.982263240722637,12,ANP,1993,
129,3.654687658019994,12,ANP,1994,
130,3.6823464323119888,12,ANP,1995,
131,3.564522789367653,12,ANP,1996,
132,3.3869227567748816,12,ANP,1997,
133,3.2039257305297646,12,ANP,1998,
134,2.9897086243285917,12,ANP,1999,
135,2.7210460704955826,12,ANP,2000,
136,2.5014771649780037,12,ANP,2001,
137,2.357018013549786,12,ANP,2002,
138,2.3981151512451007,12,ANP,2003,
139,2.300938161865224,12,ANP,2004,
140,2.211701730041493,12,ANP,2005,
141,2.3169799661254737,12,ANP,2006,
142,2.3801462719726327,12,ANP,2007,
143,2.0124373050536897,12,ANP,2008,
144,1.8232278218993967,12,ANP,2009,
145,1.786638776672346,12,ANP,2010,
146,1.8151940603637515,12,ANP,2011,
147,1.861562229186989,12,ANP,2012,
148,1.9695185735473408,12,ANP,2013,
149,2.0534063283691166,12,ANP,2014,
150,2.0658964397582773,12,ANP,2015,
151,1.9926929549560315,12,ANP,2016,
152,1.9962549276733172,12,ANP,2017,
153,2.005174251586892,12,ANP,2018,
154,1.989109510986307,12,ANP,2019,
155,1.9641211021728304,12,ANP,2020,
156,1.9230754559325964,12,ANP,2021,
157,1.9311117969360143,12,ANP,2022,
158,1.991799683593728,12,ANP,2023,
159,2.0034076017455833,12,ANP,2024,
160,13.487916749755913,13,ANP,1985,
161,13.491492146362358,13,ANP,1986,
162,13.460218115783745,13,ANP,1987,
163,13.4789767738648,13,ANP,1988,
164,13.031215350769113,13,ANP,1989,
165,13.042813781921456,13,ANP,1990,
166,12.990123332336491,13,ANP,1991,
167,12.990123332336491,13,ANP,1992,
168,13.039273790771553,13,ANP,1993,
169,13.021454828064034,13,ANP,1994,
170,13.202826932617276,13,ANP,1995,
171,13.214503450744717,13,ANP,1996,
172,13.219862352111903,13,ANP,1997,
173,13.22872339416513,13,ANP,1998,
174,13.570114105835026,13,ANP,1999,
175,13.65496049298103,13,ANP,2000,
176,13.594168099853588,13,ANP,2001,
177,13.517302308593823,13,ANP,2002,
178,13.303678804443429,13,ANP,2003,
179,13.280459075073304,13,ANP,2004,
180,13.283171385315026,13,ANP,2005,
181,13.297468193054288,13,ANP,2006,
182,13.20808803039553,13,ANP,2007,
183,12.80319894934082,13,ANP,2008,
184,12.742384058410638,13,ANP,2009,
185,12.600253911315884,13,ANP,2010,
186,12.58057421154782,13,ANP,2011,
187,12.953208233459444,13,ANP,2012,
188,12.958549056457493,13,ANP,2013,
189,13.067586568481412,13,ANP,2014,
190,13.046138098327605,13,ANP,2015,
191,13.028336404235862,13,ANP,2016,
192,13.363571337463442,13,ANP,2017,
193,13.437745795288151,13,ANP,2018,
194,13.25727693536384,13,ANP,2019,
195,13.11156216741954,13,ANP,2020,
196,13.073150513366803,13,ANP,2021,
197,13.427031672119238,13,ANP,2022,
198,13.536937364379977,13,ANP,2023,
199,14.194764795715349,13,ANP,2024,
200,66.44636285168454,15,ANP,1985,
201,67.4144193668823,15,ANP,1986,
202,68.22415387420652,15,ANP,1987,
203,70.66571584222409,15,ANP,1988,
204,71.77404859057617,15,ANP,1989,
205,70.93479810534666,15,ANP,1990,
206,69.9662982734985,15,ANP,1991,
207,70.04848301513667,15,ANP,1992,
208,69.83220826470942,15,ANP,1993,
209,70.18180201031494,15,ANP,1994,
210,71.95854080078124,15,ANP,1995,
211,73.43863517340084,15,ANP,1996,
212,73.9282394072265,15,ANP,1997,
213,74.01751673272699,15,ANP,1998,
214,74.21396650518793,15,ANP,1999,
215,75.13351778710933,15,ANP,2000,
216,75.62941175488275,15,ANP,2001,
217,76.36384625311274,15,ANP,2002,
218,76.84180434063715,15,ANP,2003,
219,75.98836993640131,15,ANP,2004,
220,74.73641777142328,15,ANP,2005,
221,74.60426502990717,15,ANP,2006,
222,74.35493280487059,15,ANP,2007,
223,74.59170423370357,15,ANP,2008,
224,74.61311059698482,15,ANP,2009,
225,74.33712945507808,15,ANP,2010,
226,74.16920048840329,15,ANP,2011,
227,73.80469410900875,15,ANP,2012,
228,73.10782491687009,15,ANP,2013,
229,73.02484706237789,15,ANP,2014,
230,72.48705472888182,15,ANP,2015,
231,71.52931996490477,15,ANP,2016,
232,70.89752550659176,15,ANP,2017,
233,69.89650814141841,15,ANP,2018,
234,69.01353250970452,15,ANP,2019,
235,68.8820115646972,15,ANP,2020,
236,68.31713867864983,15,ANP,2021,
237,68.48082822601312,15,ANP,2022,
238,68.35058839819328,15,ANP,2023,
239,68.57586532293693,15,ANP,2024,
240,0.0705159619750974,18,ANP,1985,
241,0.0500043451538083,18,ANP,1986,
242,0.0901751813354489,18,ANP,1987,
243,0.0964149628906249,18,ANP,1988,
244,0.0714271266479491,18,ANP,1989,
245,0.0723191286010741,18,ANP,1990,
246,0.0866090866088865,18,ANP,1991,
247,0.0955291065673826,18,ANP,1992,
248,0.0678637451171873,18,ANP,1993,
249,0.0669681424560545,18,ANP,1994,
250,0.0910578320922849,18,ANP,1995,
251,0.0321478446044919,18,ANP,1996,
252,0.0321489304199217,18,ANP,1997,
253,0.0616173928222655,18,ANP,1998,
254,0.063405026611328,18,ANP,1999,
255,0.0625140026245116,18,ANP,2000,
256,0.0544763126220703,18,ANP,2001,
257,0.0517976870117187,18,ANP,2002,
258,0.0526846857910156,18,ANP,2003,
259,0.0455458101196288,18,ANP,2004,
260,0.0634192388305662,18,ANP,2005,
261,0.0500173449096678,18,ANP,2006,
262,0.0446517999877926,18,ANP,2007,
263,0.040182249694824,18,ANP,2008,
264,0.036624348144531,18,ANP,2009,
265,0.0348387055664061,18,ANP,2010,
266,0.055368513000488,18,ANP,2011,
267,0.0392974081420896,18,ANP,2012,
268,0.0491398846435544,18,ANP,2013,
269,0.082184981689453,18,ANP,2014,
270,0.1760097201538085,18,ANP,2015,
271,0.2108310815429684,18,ANP,2016,
272,0.1348520763549802,18,ANP,2017,
273,0.0553775969238279,18,ANP,2018,
274,0.0526930290527341,18,ANP,2019,
275,0.050903334411621,18,ANP,2020,
276,0.0625182955322263,18,ANP,2021,
277,0.0402007075195311,18,ANP,2022,
278,0.0669746747436522,18,ANP,2023,
279,0.0491137306518553,18,ANP,2024,
280,13.455203607421865,21,ANP,1985,
281,11.949778842773451,21,ANP,1986,
282,11.79052197631836,21,ANP,1987,
283,12.296426643554696,21,ANP,1988,
284,12.318348727111823,21,ANP,1989,
285,12.360970333801276,21,ANP,1990,
286,13.803640807983411,21,ANP,1991,
287,13.45446266992189,21,ANP,1992,
288,14.567051368408208,21,ANP,1993,
289,14.389826074890143,21,ANP,1994,
290,13.66147901446534,21,ANP,1995,
291,13.298723351501453,21,ANP,1996,
292,13.176828252380364,21,ANP,1997,
293,12.997738714294451,21,ANP,1998,
294,13.52542904382326,21,ANP,1999,
295,13.221326699218777,21,ANP,2000,
296,13.216721073486347,21,ANP,2001,
297,12.844086886901865,21,ANP,2002,
298,12.610858036987317,21,ANP,2003,
299,12.405310413085946,21,ANP,2004,
300,12.785919039916996,21,ANP,2005,
301,12.524195101501476,21,ANP,2006,
302,12.202385480102546,21,ANP,2007,
303,12.370826213562006,21,ANP,2008,
304,12.14007071563721,21,ANP,2009,
305,12.841432307922378,21,ANP,2010,
306,13.72887732092285,21,ANP,2011,
307,14.467993722290045,21,ANP,2012,
308,14.754931243896497,21,ANP,2013,
309,15.345895208129892,21,ANP,2014,
310,16.004639408752453,21,ANP,2015,
311,16.321568645019532,21,ANP,2016,
312,16.41174795983887,21,ANP,2017,
313,16.657392866638183,21,ANP,2018,
314,17.523344304016113,21,ANP,2019,
315,16.821003439453126,21,ANP,2020,
316,15.22840490527344,21,ANP,2021,
317,14.446372002746584,21,ANP,2022,
318,14.606675198486336,21,ANP,2023,
319,13.765038629150403,21,ANP,2024,
320,0.2788027173461905,23,ANP,1985,
321,0.2788027173461905,23,ANP,1986,
322,0.283259125732421,23,ANP,1987,
323,0.2073121636352533,23,ANP,1988,
324,0.1447582637329095,23,ANP,1989,
325,0.3297204597778312,23,ANP,1990,
326,0.2019606430053704,23,ANP,1991,
327,0.2010671815795892,23,ANP,1992,
328,0.2073184381103509,23,ANP,1993,
329,0.2546776567993156,23,ANP,1994,
330,0.2189430741577143,23,ANP,1995,
331,0.2529205366210935,23,ANP,1996,
332,0.249351471313476,23,ANP,1997,
333,0.1349388251342768,23,ANP,1998,
334,0.2305451142578119,23,ANP,1999,
335,0.1474458909301751,23,ANP,2000,
336,0.2823731244506829,23,ANP,2001,
337,0.1590564644775382,23,ANP,2002,
338,0.1465454035034173,23,ANP,2003,
339,0.1349345895385736,23,ANP,2004,
340,0.1036580350341791,23,ANP,2005,
341,0.1090233061523432,23,ANP,2006,
342,0.1170663569335932,23,ANP,2007,
343,0.1134908994750971,23,ANP,2008,
344,0.1233237424926752,23,ANP,2009,
345,0.1134960468749996,23,ANP,2010,
346,0.0947299865722652,23,ANP,2011,
347,0.1519220789794919,23,ANP,2012,
348,0.0786436250610348,23,ANP,2013,
349,0.061660690368652,23,ANP,2014,
350,0.058978276000976,23,ANP,2015,
351,0.0571887197265621,23,ANP,2016,
352,0.0554003284301755,23,ANP,2017,
353,0.0482537600708004,23,ANP,2018,
354,0.1867252576904292,23,ANP,2019,
355,0.1742573890991207,23,ANP,2020,
356,0.0679062701416011,23,ANP,2021,
357,0.058973468078613,23,ANP,2022,
358,0.0509304620971676,23,ANP,2023,
359,0.0661252675781247,23,ANP,2024,
360,0.0035698007812499,24,ANP,1986,
361,0.0035698007812499,24,ANP,1987,
362,0.0035698007812499,24,ANP,1988,
363,0.0035698007812499,24,ANP,1989,
364,0.0035698007812499,24,ANP,1990,
365,0.0035698007812499,24,ANP,1991,
366,0.0044617952880859,24,ANP,1992,
367,0.0044617952880859,24,ANP,1993,
368,0.0044617952880859,24,ANP,1994,
369,0.0044617952880859,24,ANP,1995,
370,0.0053537900390624,24,ANP,1996,
371,0.0053537900390624,24,ANP,1997,
372,0.0062457831420898,24,ANP,1998,
373,0.0062457831420898,24,ANP,1999,
374,0.0062457831420898,24,ANP,2000,
375,0.0062457831420898,24,ANP,2001,
376,0.0071377817382812,24,ANP,2002,
377,0.0071377817382812,24,ANP,2003,
378,0.0071377817382812,24,ANP,2004,
379,0.0080297762451171,24,ANP,2005,
380,0.0080297762451171,24,ANP,2006,
381,0.0098137478027343,24,ANP,2007,
382,0.0098137478027343,24,ANP,2008,
383,0.0107057409057617,24,ANP,2009,
384,0.0107057409057617,24,ANP,2010,
385,0.0107057409057617,24,ANP,2011,
386,0.0107057409057617,24,ANP,2012,
387,0.0107057409057617,24,ANP,2013,
388,0.0133817199707031,24,ANP,2014,
389,0.014273714477539,24,ANP,2015,
390,0.0267633035888671,24,ANP,2016,
391,0.0276552820434569,24,ANP,2017,
392,0.0365750690307615,24,ANP,2018,
393,0.0419269692382812,24,ANP,2019,
394,0.0561986698608398,24,ANP,2020,
395,0.0660106197509765,24,ANP,2021,
396,0.0695785857543944,24,ANP,2022,
397,0.0722563901367187,24,ANP,2023,
398,0.0847642434082029,24,ANP,2024,
399,0.4358478179931634,25,ANP,1985,
400,0.4609384457397453,25,ANP,1986,
401,0.3822718522338861,25,ANP,1987,
402,0.2821682830810542,25,ANP,1988,
403,0.4795933099975584,25,ANP,1989,
404,0.4089493529663082,25,ANP,1990,
405,0.3276876334838862,25,ANP,1991,
406,0.3624809608154291,25,ANP,1992,
407,0.4027248688354486,25,ANP,1993,
408,0.402735301391601,25,ANP,1994,
409,0.2258116354980464,25,ANP,1995,
410,0.1820610355224606,25,ANP,1996,
411,0.1972496619262694,25,ANP,1997,
412,0.2151147501220699,25,ANP,1998,
413,0.1714289088134762,25,ANP,1999,
414,0.1875033553466793,25,ANP,2000,
415,0.1759017116088863,25,ANP,2001,
416,0.2900253864746089,25,ANP,2002,
417,0.2971051791992182,25,ANP,2003,
418,0.3657366755981438,25,ANP,2004,
419,0.3282188824462884,25,ANP,2005,
420,0.2675560444946285,25,ANP,2006,
421,0.1195926429443354,25,ANP,2007,
422,0.1936568227539058,25,ANP,2008,
423,0.4062562999877926,25,ANP,2009,
424,0.6322849944458003,25,ANP,2010,
425,0.6707163663940426,25,ANP,2011,
426,0.6171821389770507,25,ANP,2012,
427,0.5537956945800783,25,ANP,2013,
428,0.566295564025879,25,ANP,2014,
429,0.5653861939697266,25,ANP,2015,
430,0.3938835453491209,25,ANP,2016,
431,0.3938769012451171,25,ANP,2017,
432,0.1705395634765622,25,ANP,2018,
433,0.1526725669555663,25,ANP,2019,
434,0.0713918683471677,25,ANP,2020,
435,0.056221341552734,25,ANP,2021,
436,0.0651681026000973,25,ANP,2022,
437,0.0696366126098629,25,ANP,2023,
438,0.0785805922241208,25,ANP,2024,
439,0.0062440158081054,29,ANP,1985,
440,0.0008920016479492,29,ANP,1989,
441,0.0160861827392578,30,ANP,2022,
442,0.0187672099609374,30,ANP,2023,
443,0.0116177944946289,30,ANP,2024,
444,3.429272564270033,33,ANP,1985,
445,3.329294196594246,33,ANP,1986,
446,3.399916464355478,33,ANP,1987,
447,3.530344007934578,33,ANP,1988,
448,2.799281475646975,33,ANP,1989,
449,2.736724763916018,33,ANP,1990,
450,2.7277456068725603,33,ANP,1991,
451,2.736690515197756,33,ANP,1992,
452,3.0563197450561543,33,ANP,1993,
453,3.107981143127446,33,ANP,1994,
454,2.9481312070922896,33,ANP,1995,
455,3.025960069824218,33,ANP,1996,
456,3.3118759712524404,33,ANP,1997,
457,3.0126515003662098,33,ANP,1998,
458,3.067991499511716,33,ANP,1999,
459,3.1268960117187494,33,ANP,2000,
460,3.262662219482422,33,ANP,2001,
461,3.2421808958740215,33,ANP,2002,
462,3.0930833474121098,33,ANP,2003,
463,3.1448402090454093,33,ANP,2004,
464,3.047497828186034,33,ANP,2005,
465,3.0599508204345702,33,ANP,2006,
466,3.0545640784912136,33,ANP,2007,
467,3.0259741353149403,33,ANP,2008,
468,2.8892719519653327,33,ANP,2009,
469,2.7472773553466796,33,ANP,2010,
470,2.7374169605712892,33,ANP,2011,
471,2.8195801794433604,33,ANP,2012,
472,2.9143176098022465,33,ANP,2013,
473,2.952737105407715,33,ANP,2014,
474,2.9724231179199228,33,ANP,2015,
475,2.922398712707519,33,ANP,2016,
476,2.9179107322998044,33,ANP,2017,
477,2.7661050347290033,33,ANP,2018,
478,2.716107942993164,33,ANP,2019,
479,2.7705791141967766,33,ANP,2020,
480,2.9126077124023424,33,ANP,2021,
481,2.938508670715331,33,ANP,2022,
482,2.9715561182861316,33,ANP,2023,
483,3.0108225451660164,33,ANP,2024,
484,0.0053508606567382,68,ANP,1991,
485,0.0053508606567382,68,ANP,1992,
486,0.0053508606567382,68,ANP,1993,
487,0.0008918110351562,68,ANP,1994,
488,0.00268084765625,68,ANP,2005,
489,0.0062553103027343,68,ANP,2008,
490,0.0062553103027343,68,ANP,2009,
491,0.0044590513916014,68,ANP,2024,
492,236164.6630636215,3,tis,1985,
493,236304.2758380484,3,tis,1986,
494,236712.4184204674,3,tis,1987,
495,236814.7114869407,3,tis,1988,
496,236685.4583581668,3,tis,1989,
497,236689.96448919605,3,tis,1990,
498,236704.5520584021,3,tis,1991,
499,236473.09664251647,3,tis,1992,
500,236366.65624487915,3,tis,1993,
501,236401.81939097695,3,tis,1994,
502,236266.54380356276,3,tis,1995,
503,236233.5179350045,3,tis,1996,
504,236168.3442767799,3,tis,1997,
505,236360.45549282632,3,tis,1998,
506,236384.59034758253,3,tis,1999,
507,236061.54036273825,3,tis,2000,
508,235921.9468086088,3,tis,2001,
509,235980.0902265641,3,tis,2002,
510,235916.09525657163,3,tis,2003,
511,235905.33238453112,3,tis,2004,
512,235980.58798515928,3,tis,2005,
513,235886.26654107196,3,tis,2006,
514,235608.8276950381,3,tis,2007,
515,235597.16392671896,3,tis,2008,
516,235820.75488983365,3,tis,2009,
517,235885.59787660107,3,tis,2010,
518,235863.04571204583,3,tis,2011,
519,235738.02491459975,3,tis,2012,
520,235715.85696635876,3,tis,2013,
521,235787.51382235452,3,tis,2014,
522,235878.12223745996,3,tis,2015,
523,235899.35048222184,3,tis,2016,
524,235825.346003266,3,tis,2017,
525,235595.27327720268,3,tis,2018,
526,235364.07486991928,3,tis,2019,
527,235186.60648009213,3,tis,2020,
528,234871.2786524234,3,tis,2021,
529,234855.0314244601,3,tis,2022,
530,234679.18414197047,3,tis,2023,
531,235247.91467448577,3,tis,2024,
532,28697.73925310043,6,tis,1985,
533,28304.398675079818,6,tis,1986,
534,28077.349908133892,6,tis,1987,
535,27947.00583214703,6,tis,1988,
536,27982.1501741331,6,tis,1989,
537,27994.37292878244,6,tis,1990,
538,27862.36863136332,6,tis,1991,
539,28181.14083868242,6,tis,1992,
540,28188.295086926668,6,tis,1993,
541,28101.469734862934,6,tis,1994,
542,28164.926954995568,6,tis,1995,
543,28176.28511456661,6,tis,1996,
544,28154.248601715048,6,tis,1997,
545,27869.34187344072,6,tis,1998,
546,27676.81233644488,6,tis,1999,
547,27842.72774439893,6,tis,2000,
548,27897.77580863483,6,tis,2001,
549,27782.58706972224,6,tis,2002,
550,27789.556280022614,6,tis,2003,
551,27745.597820590207,6,tis,2004,
552,27669.375585079106,6,tis,2005,
553,27734.525698752474,6,tis,2006,
554,28010.6862808685,6,tis,2007,
555,27981.115951920023,6,tis,2008,
556,27787.96932987413,6,tis,2009,
557,27687.25311226895,6,tis,2010,
558,27659.851955437127,6,tis,2011,
559,27769.526830304418,6,tis,2012,
560,27730.185525175784,6,tis,2013,
561,27629.081987412417,6,tis,2014,
562,27503.17313607771,6,tis,2015,
563,27500.057099896218,6,tis,2016,
564,27540.1018185343,6,tis,2017,
565,27682.21252031623,6,tis,2018,
566,27783.282909023263,6,tis,2019,
567,27825.36710859156,6,tis,2020,
568,28025.18293937549,6,tis,2021,
569,27942.20252670961,6,tis,2022,
570,28080.07313696337,6,tis,2023,
571,27509.206183223017,6,tis,2024,
572,3280.054573501241,11,tis,1985,
573,3448.2867384855476,11,tis,1986,
574,3390.6697000515173,11,tis,1987,
575,3308.3629856215375,11,tis,1988,
576,3347.7642928491505,11,tis,1989,
577,3164.5069662075343,11,tis,1990,
578,3221.1216557262005,11,tis,1991,
579,3243.978608749314,11,tis,1992,
580,3262.262589004909,11,tis,1993,
581,3309.9523204496713,11,tis,1994,
582,3358.979437135697,11,tis,1995,
583,3405.659998201991,11,tis,1996,
584,3408.532855903586,11,tis,1997,
585,3392.162043477981,11,tis,1998,
586,3395.8046625260663,11,tis,1999,
587,3403.8939694255405,11,tis,2000,
588,3426.399623791087,11,tis,2001,
589,3437.2181010781355,11,tis,2002,
590,3404.8729784445222,11,tis,2003,
591,3415.4601858665155,11,tis,2004,
592,3401.3069556347336,11,tis,2005,
593,3391.069915557015,11,tis,2006,
594,3359.971131547726,11,tis,2007,
595,3351.939551698265,11,tis,2008,
596,3368.753121932932,11,tis,2009,
597,3386.4117557761465,11,tis,2010,
598,3416.2591609292044,11,tis,2011,
599,3393.719354028869,11,tis,2012,
600,3356.586523442836,11,tis,2013,
601,3313.3363106468714,11,tis,2014,
602,3338.34883954868,11,tis,2015,
603,3268.9617594450215,11,tis,2016,
604,3115.93302130809,11,tis,2017,
605,3163.789858633771,11,tis,2018,
606,3208.1618983146045,11,tis,2019,
607,3197.9631609321054,11,tis,2020,
608,3214.37920947642,11,tis,2021,
609,3182.9893101661055,11,tis,2022,
610,3092.16817159983,11,tis,2023,
611,3171.495396844311,11,tis,2024,
612,4491.3339485930155,12,tis,1985,
613,4591.82437075156,12,tis,1986,
614,4600.385158429216,12,tis,1987,
615,4667.493294556828,12,tis,1988,
616,4658.158732509467,12,tis,1989,
617,4731.543907605748,12,tis,1990,
618,4746.269959638472,12,tis,1991,
619,4634.893572388829,12,tis,1992,
620,4603.068678704238,12,tis,1993,
621,4614.142820933315,12,tis,1994,
622,4591.370659187042,12,tis,1995,
623,4584.719827348822,12,tis,1996,
624,4568.0120713735205,12,tis,1997,
625,4569.950805103288,12,tis,1998,
626,4602.599980508647,12,tis,1999,
627,4652.499612236412,12,tis,2000,
628,4622.202295639867,12,tis,2001,
629,4629.091089027261,12,tis,2002,
630,4628.727713515881,12,tis,2003,
631,4617.789054287186,12,tis,2004,
632,4596.392173689786,12,tis,2005,
633,4614.071278724068,12,tis,2006,
634,4630.284693150785,12,tis,2007,
635,4613.031689262834,12,tis,2008,
636,4614.309917120288,12,tis,2009,
637,4575.839186592703,12,tis,2010,
638,4564.147130917829,12,tis,2011,
639,4590.194302032033,12,tis,2012,
640,4604.549646088296,12,tis,2013,
641,4597.39794170408,12,tis,2014,
642,4618.58763887818,12,tis,2015,
643,4573.586510597685,12,tis,2016,
644,4643.905003579742,12,tis,2017,
645,4670.395356983929,12,tis,2018,
646,4678.5658685182225,12,tis,2019,
647,4687.547387711956,12,tis,2020,
648,4664.141874439755,12,tis,2021,
649,4678.062000920718,12,tis,2022,
650,4683.0856354788975,12,tis,2023,
651,4596.222570055148,12,tis,2024,
652,1298.5777717047629,13,tis,1985,
653,1271.823312238579,13,tis,1986,
654,1240.027964853102,13,tis,1987,
655,1228.0431087169054,13,tis,1988,
656,1210.2378011881378,13,tis,1989,
657,1212.484694144287,13,tis,1990,
658,1222.6632662005925,13,tis,1991,
659,1225.3848081354795,13,tis,1992,
660,1219.9345178593949,13,tis,1993,
661,1196.9448265356878,13,tis,1994,
662,1199.407039757973,13,tis,1995,
663,1201.2346274117433,13,tis,1996,
664,1205.1658726157896,13,tis,1997,
665,1216.5753077686566,13,tis,1998,
666,1245.6465761077725,13,tis,1999,
667,1279.7457413523368,13,tis,2000,
668,1289.949129948335,13,tis,2001,
669,1285.072420284589,13,tis,2002,
670,1303.378506849519,13,tis,2003,
671,1324.7213309523042,13,tis,2004,
672,1328.1338953484926,13,tis,2005,
673,1317.9506336102106,13,tis,2006,
674,1310.187622143084,13,tis,2007,
675,1307.009797354283,13,tis,2008,
676,1286.6396150695325,13,tis,2009,
677,1280.835797126637,13,tis,2010,
678,1278.1368199733486,13,tis,2011,
679,1272.8001898409732,13,tis,2012,
680,1272.5605681784743,13,tis,2013,
681,1296.9022853897325,13,tis,2014,
682,1294.4569987635637,13,tis,2015,
683,1292.041734663938,13,tis,2016,
684,1295.2831874870164,13,tis,2017,
685,1286.2734353798407,13,tis,2018,
686,1290.2071474763006,13,tis,2019,
687,1295.3130777627443,13,tis,2020,
688,1305.789274619663,13,tis,2021,
689,1338.9646075110034,13,tis,2022,
690,1357.4812965131966,13,tis,2023,
691,1374.251384507575,13,tis,2024,
692,467.6664933646855,15,tis,1985,
693,512.3141949426877,15,tis,1986,
694,560.5120327563468,15,tis,1987,
695,608.3936622044668,15,tis,1988,
696,638.270098942016,15,tis,1989,
697,638.7866835736077,15,tis,1990,
698,660.9467073174425,15,tis,1991,
699,652.6451497504255,15,tis,1992,
700,698.4597120424185,15,tis,1993,
701,735.9269000422946,15,tis,1994,
702,808.0919269322467,15,tis,1995,
703,827.4002087520732,15,tis,1996,
704,843.8909451137681,15,tis,1997,
705,877.9687089700323,15,tis,1998,
706,895.7261256556986,15,tis,1999,
707,926.296840732596,15,tis,2000,
708,979.8773431457474,15,tis,2001,
709,1006.6397262176464,15,tis,2002,
710,1056.7259832971126,15,tis,2003,
711,1083.3038475258666,15,tis,2004,
712,1089.5207794917474,15,tis,2005,
713,1095.6398459041695,15,tis,2006,
714,1094.2516671901217,15,tis,2007,
715,1108.4372878847023,15,tis,2008,
716,1097.7998154746674,15,tis,2009,
717,1105.295426408691,15,tis,2010,
718,1113.3141241574738,15,tis,2011,
719,1109.8406698770757,15,tis,2012,
720,1154.1636153967331,15,tis,2013,
721,1160.2149180903957,15,tis,2014,
722,1153.938017398863,15,tis,2015,
723,1146.0718640053055,15,tis,2016,
724,1186.0417118101784,15,tis,2017,
725,1246.7367559792413,15,tis,2018,
726,1299.9034941149314,15,tis,2019,
727,1360.868833712284,15,tis,2020,
728,1462.0127629476365,15,tis,2021,
729,1534.5477263144417,15,tis,2022,
730,1572.0081637115427,15,tis,2023,
731,1624.2544015794597,15,tis,2024,
732,659.3177298248906,18,tis,1985,
733,754.6045373911753,18,tis,1986,
734,729.7528046329957,18,tis,1987,
735,786.4915748178101,18,tis,1988,
736,819.5118759850463,18,tis,1989,
737,848.6539890904531,18,tis,1990,
738,856.7426042846673,18,tis,1991,
739,902.0652114363396,18,tis,1992,
740,905.4696442482904,18,tis,1993,
741,936.6998995082392,18,tis,1994,
742,937.6751209592272,18,tis,1995,
743,977.2042562400508,18,tis,1996,
744,964.3775284109488,18,tis,1997,
745,998.6572887014136,18,tis,1998,
746,1051.483278497251,18,tis,1999,
747,1068.8264328754265,18,tis,2000,
748,1054.65588502356,18,tis,2001,
749,1089.009635106201,18,tis,2002,
750,1096.194977121032,18,tis,2003,
751,1119.2897338266607,18,tis,2004,
752,1128.4595821430053,18,tis,2005,
753,1142.8441235716564,18,tis,2006,
754,1143.5003439129057,18,tis,2007,
755,1163.856094648685,18,tis,2008,
756,1177.1859013599874,18,tis,2009,
757,1212.6585710147724,18,tis,2010,
758,1210.8226929429347,18,tis,2011,
759,1243.8889576709016,18,tis,2012,
760,1255.8098438457068,18,tis,2013,
761,1291.349502661627,18,tis,2014,
762,1319.106902091191,18,tis,2015,
763,1302.1808345605525,18,tis,2016,
764,1293.8287084875528,18,tis,2017,
765,1333.4655169143114,18,tis,2018,
766,1329.13524791773,18,tis,2019,
767,1413.643137084904,18,tis,2020,
768,1401.2309522669102,18,tis,2021,
769,1447.152218036195,18,tis,2022,
770,1465.723814316713,18,tis,2023,
771,1437.8420667997425,18,tis,2024,
772,570.0592064112568,21,tis,1985,
773,517.3948205362572,21,tis,1986,
774,501.4055200302143,21,tis,1987,
775,491.8416045288705,21,tis,1988,
776,526.0448655770894,21,tis,1989,
777,548.0908929418958,21,tis,1990,
778,588.3914578464367,21,tis,1991,
779,550.4461279987194,21,tis,1992,
780,588.9807787317512,21,tis,1993,
781,586.1543943802501,21,tis,1994,
782,554.636310984925,21,tis,1995,
783,515.8258051021119,21,tis,1996,
784,548.6882442334594,21,tis,1997,
785,553.2828476256128,21,tis,1998,
786,582.5659529122336,21,tis,1999,
787,597.0676268775647,21,tis,2000,
788,617.2638396672987,21,tis,2001,
789,606.234890809204,21,tis,2002,
790,610.0927780714725,21,tis,2003,
791,626.9996665521851,21,tis,2004,
792,639.9418016185314,21,tis,2005,
793,645.8142356146241,21,tis,2006,
794,676.599290447632,21,tis,2007,
795,678.0616763066433,21,tis,2008,
796,667.5839824924948,21,tis,2009,
797,666.5541659395167,21,tis,2010,
798,725.785972576845,21,tis,2011,
799,755.0440631375151,21,tis,2012,
800,744.4053226624173,21,tis,2013,
801,748.1591892830231,21,tis,2014,
802,758.5248134675311,21,tis,2015,
803,794.1676356147467,21,tis,2016,
804,818.4573720416261,21,tis,2017,
805,809.4950707659906,21,tis,2018,
806,837.6993412230199,21,tis,2019,
807,805.8133900907591,21,tis,2020,
808,784.0924217092918,21,tis,2021,
809,760.4205928626714,21,tis,2022,
810,794.8382459012454,21,tis,2023,
811,754.4667509226085,21,tis,2024,
812,101.74655556445305,23,tis,1985,
813,58.35730472717286,23,tis,1986,
814,123.92184775702027,23,tis,1987,
815,93.46680567358412,23,tis,1988,
816,49.01923727453615,23,tis,1989,
817,43.93274056439213,23,tis,1990,
818,68.80069386029047,23,tis,1991,
819,72.85577241680906,23,tis,1992,
820,48.619162822753886,23,tis,1993,
821,44.86278511529538,23,tis,1994,
822,52.58036429870601,23,tis,1995,
823,26.521752087951665,23,tis,1996,
824,112.22038371746996,23,tis,1997,
825,48.26827905035413,23,tis,1998,
826,39.670262943359454,23,tis,1999,
827,25.614013855651848,23,tis,2000,
828,51.45554507434088,23,tis,2001,
829,52.52071486749266,23,tis,2002,
830,42.90875822772207,23,tis,2003,
831,42.79293132153315,23,tis,2004,
832,50.65016764123529,23,tis,2005,
833,33.445285244018585,23,tis,2006,
834,62.932803232910246,23,tis,2007,
835,43.21446664105228,23,tis,2008,
836,32.35011739086913,23,tis,2009,
837,40.60849691607671,23,tis,2010,
838,29.91541421545407,23,tis,2011,
839,42.689548234802224,23,tis,2012,
840,30.627050315002467,23,tis,2013,
841,37.30166358746336,23,tis,2014,
842,27.70387577612304,23,tis,2015,
843,36.083410672729535,23,tis,2016,
844,39.91833094439693,23,tis,2017,
845,38.31471316534432,23,tis,2018,
846,45.16826309039318,23,tis,2019,
847,28.32182826159675,23,tis,2020,
848,30.45931200897217,23,tis,2021,
849,45.0443642457886,23,tis,2022,
850,36.31931698223878,23,tis,2023,
851,46.5095770287475,23,tis,2024,
852,3.131419049133302,24,tis,1985,
853,3.6295464118652343,24,tis,1986,
854,3.9340519329833983,24,tis,1987,
855,4.2814226093139665,24,tis,1988,
856,4.535886012329103,24,tis,1989,
857,4.66358553204346,24,tis,1990,
858,4.8385711709594785,24,tis,1991,
859,4.900173206176762,24,tis,1992,
860,4.952870528015142,24,tis,1993,
861,5.026986711669927,24,tis,1994,
862,5.111850842529302,24,tis,1995,
863,5.20559804101563,24,tis,1996,
864,5.449428044250493,24,tis,1997,
865,5.582470595336918,24,tis,1998,
866,5.719116410461429,24,tis,1999,
867,5.801258422973636,24,tis,2000,
868,5.8619907615356475,24,tis,2001,
869,6.009353393554691,24,tis,2002,
870,6.136138782958988,24,tis,2003,
871,6.176298715942387,24,tis,2004,
872,6.3317373800659205,24,tis,2005,
873,6.4468918532104516,24,tis,2006,
874,6.514724236145022,24,tis,2007,
875,6.579969476806644,24,tis,2008,
876,6.624609783752445,24,tis,2009,
877,6.709465958984379,24,tis,2010,
878,6.7960719110107455,24,tis,2011,
879,6.825541073181156,24,tis,2012,
880,6.905917276367191,24,tis,2013,
881,6.999651312072758,24,tis,2014,
882,7.092492108337406,24,tis,2015,
883,7.345370840820316,24,tis,2016,
884,7.491845085083011,24,tis,2017,
885,7.6078968949585,24,tis,2018,
886,7.755215599487309,24,tis,2019,
887,8.027421683593756,24,tis,2020,
888,8.205005194763189,24,tis,2021,
889,8.510382089416508,24,tis,2022,
890,9.04762990759278,24,tis,2023,
891,9.7465170545044,24,tis,2024,
892,60.65535004376222,25,tis,1985,
893,43.81701764935311,25,tis,1986,
894,24.171181146484376,25,tis,1987,
895,22.43322302661133,25,tis,1988,
896,24.19723828405752,25,tis,1989,
897,25.308541618347075,25,tis,1990,
898,21.363624164794924,25,tis,1991,
899,25.60645914764404,25,tis,1992,
900,22.81148494165039,25,tis,1993,
901,19.359348822814937,25,tis,1994,
902,20.67381474645996,25,tis,1995,
903,17.073242407409666,25,tis,1996,
904,17.3980938772583,25,tis,1997,
905,21.18218319415283,25,tis,1998,
906,20.47852042041015,25,tis,1999,
907,22.837516530639647,25,tis,2000,
908,25.392961129882817,25,tis,2001,
909,24.796143106201168,25,tis,2002,
910,28.06067404302978,25,tis,2003,
911,25.896237698547363,25,tis,2004,
912,25.83756637219237,25,tis,2005,
913,28.868943357971187,25,tis,2006,
914,24.571175910949705,25,tis,2007,
915,24.95943131396484,25,tis,2008,
916,23.834275819274893,25,tis,2009,
917,25.024995926635736,25,tis,2010,
918,23.659493665039054,25,tis,2011,
919,26.542175370056142,25,tis,2012,
920,24.047639820739743,25,tis,2013,
921,23.949571645812988,25,tis,2014,
922,23.435174395507815,25,tis,2015,
923,25.812828781372065,25,tis,2016,
924,31.84815037396238,25,tis,2017,
925,29.80131287017823,25,tis,2018,
926,24.890534889892574,25,tis,2019,
927,26.733843700378408,25,tis,2020,
928,29.337015719665516,25,tis,2021,
929,28.403824256958018,25,tis,2022,
930,26.55993575360108,25,tis,2023,
931,28.491039518371583,25,tis,2024,
932,0.0241343673095703,27,tis,1985,
933,0.0241343673095703,27,tis,1986,
934,0.0241343673095703,27,tis,1987,
935,0.0241343673095703,27,tis,1988,
936,0.0241343673095703,27,tis,1989,
937,0.0241343673095703,27,tis,1990,
938,0.0241343673095703,27,tis,1991,
939,0.0241343673095703,27,tis,1992,
940,0.0241343673095703,27,tis,1993,
941,0.0241343673095703,27,tis,1994,
942,0.0241343673095703,27,tis,1995,
943,0.0241343673095703,27,tis,1996,
944,0.0241343673095703,27,tis,1997,
945,0.0241343673095703,27,tis,1998,
946,0.0241343673095703,27,tis,1999,
947,0.0241343673095703,27,tis,2000,
948,0.0241343673095703,27,tis,2001,
949,0.0241343673095703,27,tis,2002,
950,0.0241343673095703,27,tis,2003,
951,0.0241343673095703,27,tis,2004,
952,0.0241343673095703,27,tis,2005,
953,0.0241343673095703,27,tis,2006,
954,0.0241343673095703,27,tis,2007,
955,0.0241343673095703,27,tis,2008,
956,0.0241343673095703,27,tis,2009,
957,0.0241343673095703,27,tis,2010,
958,0.0241343673095703,27,tis,2011,
959,0.0241343673095703,27,tis,2012,
960,0.0241343673095703,27,tis,2013,
961,0.0241343673095703,27,tis,2014,
962,0.0241343673095703,27,tis,2015,
963,0.0241343673095703,27,tis,2016,
964,0.0241343673095703,27,tis,2017,
965,0.0250261470947265,27,tis,2018,
966,0.0241343673095703,27,tis,2019,
967,0.0241343673095703,27,tis,2020,
968,0.0250261470947265,27,tis,2021,
969,0.0250261470947265,27,tis,2022,
970,0.0250261470947265,27,tis,2023,
971,0.0250261470947265,27,tis,2024,
972,73.3206339631958,29,tis,1985,
973,70.25081861456307,29,tis,1986,
974,70.89504091119404,29,tis,1987,
975,59.70643421966578,29,tis,1988,
976,67.42015730432156,29,tis,1989,
977,73.23636296685808,29,tis,1990,
978,72.58141391320821,29,tis,1991,
979,67.34792236950712,29,tis,1992,
980,73.4399836746218,29,tis,1993,
981,75.69003126184113,29,tis,1994,
982,77.15863358673127,29,tis,1995,
983,67.38175897436547,29,tis,1996,
984,72.02819215863052,29,tis,1997,
985,72.75863201495372,29,tis,1998,
986,73.65038553173838,29,tis,1999,
987,73.46468067773439,29,tis,2000,
988,71.60441087811286,29,tis,2001,
989,70.47272573852544,29,tis,2002,
990,67.02390179248049,29,tis,2003,
991,69.89623772851577,29,tis,2004,
992,72.76001383154312,29,tis,2005,
993,73.30879190118425,29,tis,2006,
994,74.83565463732928,29,tis,2007,
995,75.91769225701933,29,tis,2008,
996,76.99146057470728,29,tis,2009,
997,76.96682635327147,29,tis,2010,
998,76.15968085174562,29,tis,2011,
999,76.79040710614017,29,tis,2012,
1000,75.51557881073013,29,tis,2013,
1001,71.62004119805928,29,tis,2014,
1002,70.76053184417744,29,tis,2015,
1003,68.17249103802513,29,tis,2016,
1004,68.88422597326678,29,tis,2017,
1005,68.8278788647462,29,tis,2018,
1006,68.5605801430666,29,tis,2019,
1007,70.67616503344749,29,tis,2020,
1008,70.49166596820085,29,tis,2021,
1009,70.853543513611,29,tis,2022,
1010,71.98576821698015,29,tis,2023,
1011,75.04683073791519,29,tis,2024,
1012,0.0143019812011718,30,tis,1985,
1013,0.0143019812011718,30,tis,1986,
1014,0.0294894091186522,30,tis,1987,
1015,0.0866650033569335,30,tis,1988,
1016,0.1474133829345702,30,tis,1989,
1017,0.2170906976318358,30,tis,1990,
1018,0.3466226330566404,30,tis,1991,
1019,0.2867751185302734,30,tis,1992,
1020,0.2260252722778319,30,tis,1993,
1021,0.2001198164062499,30,tis,1994,
1022,0.1974441151733397,30,tis,1995,
1023,0.1858275264282224,30,tis,1996,
1024,0.2117309731445311,30,tis,1997,
1025,0.2313875138549803,30,tis,1998,
1026,0.1715346303710936,30,tis,1999,
1027,0.1715324702148435,30,tis,2000,
1028,0.1679615238037107,30,tis,2001,
1029,0.196549437988281,30,tis,2002,
1030,0.1929782476196287,30,tis,2003,
1031,0.1920838812255858,30,tis,2004,
1032,0.173321505187988,30,tis,2005,
1033,0.1679633187866209,30,tis,2006,
1034,0.1617101353149412,30,tis,2007,
1035,0.150990282470703,30,tis,2008,
1036,0.1536747396850583,30,tis,2009,
1037,0.1626088444824217,30,tis,2010,
1038,0.1554590712890624,30,tis,2011,
1039,0.2099583190307616,30,tis,2012,
1040,0.1956661220092772,30,tis,2013,
1041,0.3252238126831053,30,tis,2014,
1042,0.4878549514160152,30,tis,2015,
1043,0.55397815258789,30,tis,2016,
1044,0.6451220921630852,30,tis,2017,
1045,0.6522769824218742,30,tis,2018,
1046,0.7049758606567373,30,tis,2019,
1047,1.0649958778076165,30,tis,2020,
1048,1.3490927105712878,30,tis,2021,
1049,1.3794544069824204,30,tis,2022,
1050,1.6456382115478507,30,tis,2023,
1051,1.4570859118652333,30,tis,2024,
1052,0.0017877239990234,31,tis,1987,
1053,0.0017877239990234,31,tis,1988,
1054,0.002677255126953,31,tis,2009,
1055,0.002677255126953,31,tis,2010,
1056,0.002677255126953,31,tis,2011,
1057,0.0035689512939452,31,tis,2012,
1058,0.0035689512939452,31,tis,2013,
1059,0.0035689512939452,31,tis,2014,
1060,0.0026750888061523,31,tis,2015,
1061,0.0026750888061523,31,tis,2016,
1062,0.0026750888061523,31,tis,2017,
1063,0.0026750888061523,31,tis,2018,
1064,0.0026750888061523,31,tis,2019,
1065,0.0008938624877929,31,tis,2020,
1066,0.0008938624877929,31,tis,2021,
1067,0.0017877141723632,31,tis,2022,
1068,0.0017877141723632,31,tis,2023,
1069,0.0017877141723632,31,tis,2024,
1070,1653.5043510933228,33,tis,1985,
1071,1701.6569927641028,33,tis,1986,
1072,1658.328390332644,33,tis,1987,
1073,1566.359450924317,33,tis,1988,
1074,1602.4753203690202,33,tis,1989,
1075,1602.3938218405797,33,tis,1990,
1076,1570.5468375219766,33,tis,1991,
1077,1546.9712939181522,33,tis,1992,
1078,1568.115617964599,33,tis,1993,
1079,1581.6182416532613,33,tis,1994,
1080,1554.6273513624285,33,tis,1995,
1081,1568.492980492007,33,tis,1996,
1082,1585.4094799187646,33,tis,1997,
1083,1584.1586616839625,33,tis,1998,
1084,1617.6064624989035,33,tis,1999,
1085,1621.92351061658,33,tis,2000,
1086,1602.1484185479756,33,tis,2001,
1087,1629.2399146328112,33,tis,2002,
1088,1625.431788121096,33,tis,2003,
1089,1609.6514332652605,33,tis,2004,
1090,1594.8858871568025,33,tis,2005,
1091,1614.7208044371978,33,tis,2006,
1092,1576.1886088905642,33,tis,2007,
1093,1592.235333315615,33,tis,2008,
1094,1596.0886369700954,33,tis,2009,
1095,1590.7750408206807,33,tis,2010,
1096,1593.102126930056,33,tis,2011,
1097,1566.433655927554,33,tis,2012,
1098,1603.6122117007487,33,tis,2013,
1099,1605.5334880846576,33,tis,2014,
1100,1623.9547602005632,33,tis,2015,
1101,1627.303321849429,33,tis,2016,
1102,1622.2016786492345,33,tis,2017,
1103,1632.7045473330104,33,tis,2018,
1104,1608.1696238051788,33,tis,2019,
1105,1647.338511736879,33,tis,2020,
1106,1663.234376598451,33,tis,2021,
1107,1675.415177649356,33,tis,2022,
1108,1693.850867411929,33,tis,2023,
1109,1673.02520051111,33,tis,2024,
1110,0.0116088537597656,35,tis,2013,
1111,0.0116088537597656,35,tis,2014,
1112,0.0116088537597656,35,tis,2015,
1113,0.0116088537597656,35,tis,2016,
1114,0.0116088537597656,35,tis,2017,
1115,0.0116088537597656,35,tis,2018,
1116,0.0116088537597656,35,tis,2019,
1117,0.0116088537597656,35,tis,2020,
1118,0.0116088537597656,35,tis,2021,
1119,0.0116088537597656,35,tis,2022,
1120,0.0116088537597656,35,tis,2023,
1121,0.0116088537597656,35,tis,2024,
1122,368.5110494223496,68,tis,1985,
1123,307.6472316169993,68,tis,1986,
1124,196.49240266967436,68,tis,1987,
1125,291.6163625230709,68,tis,1988,
1126,274.9042492601895,68,tis,1989,
1127,312.13900647563486,68,tis,1990,
1128,288.76159719450806,68,tis,1991,
1129,308.67634540274736,68,tis,1992,
1130,339.0033036368846,68,tis,1993,
1131,280.4279001673357,68,tis,1994,
1132,298.31498876983613,68,tis,1995,
1133,283.58676908013337,68,tis,1996,
1134,236.31799640234308,68,tis,1997,
1135,319.71971927220625,68,tis,1998,
1136,297.7701585682309,68,tis,1999,
1137,307.88485802707896,68,tis,2000,
1138,323.5936788625953,68,tis,2001,
1139,291.1171412525649,68,tis,2002,
1140,314.89698812974507,68,tis,2003,
1141,297.1964544957115,68,tis,2004,
1142,305.9382491874335,68,tis,2005,
1143,305.154748320482,68,tis,2006,
1144,310.7822998960976,68,tis,2007,
1145,346.6218421565396,68,tis,2008,
1146,333.2536755462522,68,tis,2009,
1147,349.59969743406134,68,tis,2010,
1148,329.14120835771206,68,tis,2011,
1149,297.7615647659146,68,tis,2012,
1150,315.2584482404662,68,tis,2013,
1151,320.594926251326,68,tis,2014,
1152,272.58814433471804,68,tis,2015,
1153,348.5920949559164,68,tis,2016,
1154,400.3952376635583,68,tis,2017,
1155,324.7301072291087,68,tis,2018,
1156,344.00144739921234,68,tis,2019,
1157,334.9978562494306,68,tis,2020,
1158,359.0977512825148,68,tis,2021,
1159,321.30425974693037,68,tis,2022,
1160,326.309649950296,68,tis,2023,
1161,340.3517337103676,68,tis,2024,
1162,0.3386783660278323,3,translape,1985,
1163,0.3386783660278323,3,translape,1986,
1164,0.3386783660278323,3,translape,1987,
1165,0.3368914553222659,3,translape,1988,
1166,0.3368914553222659,3,translape,1989,
1167,0.3368914553222659,3,translape,1990,
1168,0.3368914553222659,3,translape,1991,
1169,0.3368914553222659,3,translape,1992,
1170,0.3368914553222659,3,translape,1993,
1171,0.3368914553222659,3,translape,1994,
1172,0.3386783769531252,3,translape,1995,
1173,0.3386783769531252,3,translape,1996,
1174,0.3368914553222659,3,translape,1997,
1175,0.3368914553222659,3,translape,1998,
1176,0.3368914553222659,3,translape,1999,
1177,0.3368914553222659,3,translape,2000,
1178,0.3368914553222659,3,translape,2001,
1179,0.3368914553222659,3,translape,2002,
1180,0.3368914553222659,3,translape,2003,
1181,0.3386783727416994,3,translape,2004,
1182,0.3386783727416994,3,translape,2005,
1183,0.3386783727416994,3,translape,2006,
1184,0.3404652924194338,3,translape,2007,
1185,0.3395718316650393,3,translape,2008,
1186,0.3395718316650393,3,translape,2009,
1187,0.3395718316650393,3,translape,2010,
1188,0.3386783727416994,3,translape,2011,
1189,0.3386783727416994,3,translape,2012,
1190,0.3386783727416994,3,translape,2013,
1191,0.3386783727416994,3,translape,2014,
1192,0.3386783727416994,3,translape,2015,
1193,0.3395718316650393,3,translape,2016,
1194,0.3395718316650393,3,translape,2017,
1195,0.3395718316650393,3,translape,2018,
1196,0.3395718316650393,3,translape,2019,
1197,0.3386783730468752,3,translape,2020,
1198,0.3386783730468752,3,translape,2021,
1199,0.3395718316650393,3,translape,2022,
1200,0.3395718316650393,3,translape,2023,
1201,0.3404652996826174,3,translape,2024,
1202,0.0026815742797851,11,translape,1985,
1203,0.0026815742797851,11,translape,1986,
1204,0.0026815742797851,11,translape,1987,
1205,0.0026815742797851,11,translape,1988,
1206,0.0044692937011718,11,translape,1989,
1207,0.0044692937011718,11,translape,1990,
1208,0.0044692937011718,11,translape,1991,
1209,0.0044692937011718,11,translape,1992,
1210,0.0044692937011718,11,translape,1993,
1211,0.0044692937011718,11,translape,1994,
1212,0.0044692937011718,11,translape,1995,
1213,0.0044692937011718,11,translape,1996,
1214,0.0044692937011718,11,translape,1997,
1215,0.0044692937011718,11,translape,1998,
1216,0.0044692937011718,11,translape,1999,
1217,0.0044692937011718,11,translape,2000,
1218,0.0044692937011718,11,translape,2001,
1219,0.0044692937011718,11,translape,2002,
1220,0.0026815742797851,11,translape,2003,
1221,0.0026815742797851,11,translape,2004,
1222,0.0026815742797851,11,translape,2005,
1223,0.0026815742797851,11,translape,2006,
1224,0.0026815742797851,11,translape,2007,
1225,0.0026815742797851,11,translape,2008,
1226,0.0026815742797851,11,translape,2009,
1227,0.0026815742797851,11,translape,2010,
1228,0.0044692937011718,11,translape,2011,
1229,0.0026815775756835,11,translape,2012,
1230,0.0026815775756835,11,translape,2013,
1231,0.0026815775756835,11,translape,2014,
1232,0.0026815775756835,11,translape,2015,
1233,0.0026815775756835,11,translape,2016,
1234,0.0008938581542968,11,translape,2017,
1235,0.0008938581542968,11,translape,2018,
1236,0.0008938581542968,11,translape,2019,
1237,0.0008938581542968,11,translape,2020,
1238,0.0008938581542968,11,translape,2021,
1239,0.0017877161865234,11,translape,2022,
1240,0.0017877161865234,11,translape,2023,
1241,0.0008938581542968,11,translape,2024,
1242,0.3754031246337888,13,translape,1985,
1243,0.3754031246337888,13,translape,1986,
1244,0.3754031246337888,13,translape,1987,
1245,0.3754031246337888,13,translape,1988,
1246,0.3736154052124021,13,translape,1989,
1247,0.3736154052124021,13,translape,1990,
1248,0.3736154052124021,13,translape,1991,
1249,0.3736154052124021,13,translape,1992,
1250,0.3736154052124021,13,translape,1993,
1251,0.3736154052124021,13,translape,1994,
1252,0.3736154052124021,13,translape,1995,
1253,0.3736154052124021,13,translape,1996,
1254,0.3736154052124021,13,translape,1997,
1255,0.3736154052124021,13,translape,1998,
1256,0.3736154052124021,13,translape,1999,
1257,0.3736154052124021,13,translape,2000,
1258,0.3736154052124021,13,translape,2001,
1259,0.3736154052124021,13,translape,2002,
1260,0.3754031246337888,13,translape,2003,
1261,0.3754031246337888,13,translape,2004,
1262,0.3754031246337888,13,translape,2005,
1263,0.3754031246337888,13,translape,2006,
1264,0.3754031246337888,13,translape,2007,
1265,0.3754031246337888,13,translape,2008,
1266,0.3754031246337888,13,translape,2009,
1267,0.3754031246337888,13,translape,2010,
1268,0.3736154052124021,13,translape,2011,
1269,0.3754031213378904,13,translape,2012,
1270,0.3754031213378904,13,translape,2013,
1271,0.3754031213378904,13,translape,2014,
1272,0.3754031213378904,13,translape,2015,
1273,0.3754031213378904,13,translape,2016,
1274,0.3771908407592771,13,translape,2017,
1275,0.3771908407592771,13,translape,2018,
1276,0.3771908407592771,13,translape,2019,
1277,0.3771908407592771,13,translape,2020,
1278,0.3771908407592771,13,translape,2021,
1279,0.3762969827270505,13,translape,2022,
1280,0.3762969827270505,13,translape,2023,
1281,0.3771908407592771,13,translape,2024,
1282,0.0232300806274414,15,translape,1985,
1283,0.0232300806274414,15,translape,1986,
1284,0.0232300806274414,15,translape,1987,
1285,0.0232300697021484,15,translape,1988,
1286,0.0232300697021484,15,translape,1989,
1287,0.0214431486206054,15,translape,1990,
1288,0.0169758491821289,15,translape,1991,
1289,0.017869317199707,15,translape,1992,
1290,0.017869317199707,15,translape,1993,
1291,0.017869317199707,15,translape,1994,
1292,0.0214431551513671,15,translape,1995,
1293,0.020549687133789,15,translape,1996,
1294,0.0214431481933593,15,translape,1997,
1295,0.019656228515625,15,translape,1998,
1296,0.019656228515625,15,translape,1999,
1297,0.0214431481933593,15,translape,2000,
1298,0.0241235450439453,15,translape,2001,
1299,0.0241235450439453,15,translape,2002,
1300,0.0268039275512695,15,translape,2003,
1301,0.0223366123046875,15,translape,2004,
1302,0.0214431533813476,15,translape,2005,
1303,0.0214431533813476,15,translape,2006,
1304,0.0178693101196289,15,translape,2007,
1305,0.0178693101196289,15,translape,2008,
1306,0.0169758494873046,15,translape,2009,
1307,0.0169758494873046,15,translape,2010,
1308,0.0169758494873046,15,translape,2011,
1309,0.0169758494873046,15,translape,2012,
1310,0.0169758494873046,15,translape,2013,
1311,0.0169758494873046,15,translape,2014,
1312,0.0169758494873046,15,translape,2015,
1313,0.0169758494873046,15,translape,2016,
1314,0.0178693110961914,15,translape,2017,
1315,0.018762779296875,15,translape,2018,
1316,0.0178693176879882,15,translape,2019,
1317,0.0178693176879882,15,translape,2020,
1318,0.018762779296875,15,translape,2021,
1319,0.016975850036621,15,translape,2022,
1320,0.016975850036621,15,translape,2023,
1321,0.0160823884277343,15,translape,2024,
1322,0.0017869362182617,21,translape,1985,
1323,0.0017869362182617,21,translape,1986,
1324,0.0017869362182617,21,translape,1987,
1325,0.003573857849121,21,translape,1988,
1326,0.003573857849121,21,translape,1989,
1327,0.0044673184814453,21,translape,1990,
1328,0.0098280783691406,21,translape,1991,
1329,0.0089346103515624,21,translape,1992,
1330,0.0089346103515624,21,translape,1993,
1331,0.0089346103515624,21,translape,1994,
1332,0.0035738507690429,21,translape,1995,
1333,0.004467318786621,21,translape,1996,
1334,0.0053607793579101,21,translape,1997,
1335,0.0071476990356445,21,translape,1998,
1336,0.0071476990356445,21,translape,1999,
1337,0.0053607793579101,21,translape,2000,
1338,0.0026803825073242,21,translape,2001,
1339,0.0026803825073242,21,translape,2002,
1340,0.0026803978271484,21,translape,2004,
1341,0.0035738567504882,21,translape,2005,
1342,0.0035738567504882,21,translape,2006,
1343,0.0053607803344726,21,translape,2007,
1344,0.0062542410888671,21,translape,2008,
1345,0.0071477017211914,21,translape,2009,
1346,0.0071477017211914,21,translape,2010,
1347,0.0080411606445312,21,translape,2011,
1348,0.0080411606445312,21,translape,2012,
1349,0.0080411606445312,21,translape,2013,
1350,0.0080411606445312,21,translape,2014,
1351,0.0080411606445312,21,translape,2015,
1352,0.0071477017211914,21,translape,2016,
1353,0.0062542401123046,21,translape,2017,
1354,0.005360771911621,21,translape,2018,
1355,0.0062542335205078,21,translape,2019,
1356,0.0071476921386718,21,translape,2020,
1357,0.0062542305297851,21,translape,2021,
1358,0.007147701171875,21,translape,2022,
1359,0.007147701171875,21,translape,2023,
1360,0.0071476947631835,21,translape,2024,
1361,0.0008934604492187,23,translape,1990,
